frame_index,timestamp,elapsed_ms,num_poses_detected
0,2026-03-20T01:09:43.897,2462.845,1
1,2026-03-20T01:09:44.006,56.381,1
2,2026-03-20T01:09:44.065,54.780,1
3,2026-03-20T01:09:44.126,56.290,1
4,2026-03-20T01:09:44.184,54.619,1
5,2026-03-20T01:09:44.241,52.854,1
6,2026-03-20T01:09:44.298,52.881,1
7,2026-03-20T01:09:44.358,55.408,1
8,2026-03-20T01:09:44.423,61.138,1
9,2026-03-20T01:09:44.485,57.596,1
10,2026-03-20T01:09:44.542,51.912,1
11,2026-03-20T01:09:44.598,52.919,1
12,2026-03-20T01:09:44.654,51.801,1
13,2026-03-20T01:09:44.710,51.785,1
14,2026-03-20T01:09:44.766,51.803,1
15,2026-03-20T01:09:44.821,51.448,1
16,2026-03-20T01:09:44.875,49.819,1
17,2026-03-20T01:09:44.928,48.952,1
18,2026-03-20T01:09:44.983,50.992,1
19,2026-03-20T01:09:45.038,51.710,1
20,2026-03-20T01:09:45.094,51.749,1
21,2026-03-20T01:09:45.150,52.088,1
22,2026-03-20T01:09:45.207,52.655,1
23,2026-03-20T01:09:45.264,52.494,1
24,2026-03-20T01:09:45.319,51.924,1
25,2026-03-20T01:09:45.375,51.769,1
26,2026-03-20T01:09:45.430,51.399,1
27,2026-03-20T01:09:45.486,51.235,1
28,2026-03-20T01:09:45.539,49.908,1
29,2026-03-20T01:09:45.593,50.082,1
30,2026-03-20T01:09:45.647,50.121,1
31,2026-03-20T01:09:45.699,50.116,1
32,2026-03-20T01:09:45.754,50.552,1
33,2026-03-20T01:09:45.810,50.673,1
34,2026-03-20T01:09:45.864,49.672,1
35,2026-03-20T01:09:45.919,50.853,1
36,2026-03-20T01:09:45.975,50.523,1
37,2026-03-20T01:09:46.032,52.812,1
38,2026-03-20T01:09:46.089,52.870,1
39,2026-03-20T01:09:46.147,54.430,1
40,2026-03-20T01:09:46.205,53.421,1
41,2026-03-20T01:09:46.263,53.681,1
42,2026-03-20T01:09:46.322,53.331,1
43,2026-03-20T01:09:46.377,52.302,1
44,2026-03-20T01:09:46.434,52.745,1
45,2026-03-20T01:09:46.490,51.478,1
46,2026-03-20T01:09:46.545,49.713,1
47,2026-03-20T01:09:46.599,50.064,1
48,2026-03-20T01:09:46.653,49.767,1
49,2026-03-20T01:09:46.709,51.265,1
50,2026-03-20T01:09:46.768,54.485,1
51,2026-03-20T01:09:46.825,53.046,1
52,2026-03-20T01:09:46.880,50.215,1
53,2026-03-20T01:09:46.933,49.506,1
54,2026-03-20T01:09:46.989,51.398,1
55,2026-03-20T01:09:47.045,50.232,1
56,2026-03-20T01:09:47.098,49.422,1
57,2026-03-20T01:09:47.153,50.428,1
58,2026-03-20T01:09:47.208,50.488,1
59,2026-03-20T01:09:47.264,52.186,1
60,2026-03-20T01:09:47.320,50.983,1
61,2026-03-20T01:09:47.375,51.135,1
62,2026-03-20T01:09:47.431,51.394,1
63,2026-03-20T01:09:47.487,51.110,1
64,2026-03-20T01:09:47.542,50.288,1
65,2026-03-20T01:09:47.597,51.002,1
66,2026-03-20T01:09:47.651,49.359,1
67,2026-03-20T01:09:47.706,50.153,1
68,2026-03-20T01:09:47.762,51.965,1
69,2026-03-20T01:09:47.818,51.084,1
70,2026-03-20T01:09:47.875,52.227,1
71,2026-03-20T01:09:47.933,53.054,1
72,2026-03-20T01:09:47.990,53.294,1
73,2026-03-20T01:09:48.047,51.999,1
74,2026-03-20T01:09:48.103,51.161,1
75,2026-03-20T01:09:48.160,52.194,1
76,2026-03-20T01:09:48.214,49.479,1
77,2026-03-20T01:09:48.270,51.847,1
78,2026-03-20T01:09:48.324,49.432,1
79,2026-03-20T01:09:48.377,49.038,1
80,2026-03-20T01:09:48.431,49.540,1
81,2026-03-20T01:09:48.485,49.650,1
82,2026-03-20T01:09:48.538,49.493,1
83,2026-03-20T01:09:48.593,50.421,1
84,2026-03-20T01:09:48.647,49.680,1
85,2026-03-20T01:09:48.701,49.674,1
86,2026-03-20T01:09:48.756,50.183,1
87,2026-03-20T01:09:48.810,49.472,1
88,2026-03-20T01:09:48.865,50.498,1
89,2026-03-20T01:09:48.919,50.118,1
90,2026-03-20T01:09:48.974,50.099,1
91,2026-03-20T01:09:49.029,50.450,1
92,2026-03-20T01:09:49.083,49.670,1
93,2026-03-20T01:09:49.137,49.868,1
94,2026-03-20T01:09:49.191,49.962,1
95,2026-03-20T01:09:49.246,50.165,1
96,2026-03-20T01:09:49.300,49.494,1
97,2026-03-20T01:09:49.354,50.089,1
98,2026-03-20T01:09:49.410,51.346,1
99,2026-03-20T01:09:49.472,57.795,1
100,2026-03-20T01:09:49.526,49.417,1
101,2026-03-20T01:09:49.582,51.534,1
102,2026-03-20T01:09:49.639,52.246,1
103,2026-03-20T01:09:49.696,51.947,1
104,2026-03-20T01:09:49.753,52.040,1
105,2026-03-20T01:09:49.810,52.426,1
106,2026-03-20T01:09:49.866,51.349,1
107,2026-03-20T01:09:49.921,50.808,1
108,2026-03-20T01:09:49.977,51.510,1
109,2026-03-20T01:09:50.033,51.699,1
110,2026-03-20T01:09:50.088,50.708,1
111,2026-03-20T01:09:50.145,51.733,1
112,2026-03-20T01:09:50.200,51.106,1
113,2026-03-20T01:09:50.260,55.242,1
114,2026-03-20T01:09:50.317,52.236,1
115,2026-03-20T01:09:50.373,51.557,1
116,2026-03-20T01:09:50.427,49.497,1
117,2026-03-20T01:09:50.481,50.118,1
118,2026-03-20T01:09:50.536,50.282,1
119,2026-03-20T01:09:50.591,51.088,1
120,2026-03-20T01:09:50.648,52.635,1
121,2026-03-20T01:09:50.704,51.485,1
122,2026-03-20T01:09:50.759,50.992,1
123,2026-03-20T01:09:50.814,50.720,1
124,2026-03-20T01:09:50.869,50.547,1
125,2026-03-20T01:09:50.924,50.981,1
126,2026-03-20T01:09:50.979,50.529,1
127,2026-03-20T01:09:51.033,50.343,1
128,2026-03-20T01:09:51.090,52.501,1
129,2026-03-20T01:09:51.146,51.595,1
130,2026-03-20T01:09:51.202,51.283,1
131,2026-03-20T01:09:51.260,52.935,1
132,2026-03-20T01:09:51.314,50.067,1
133,2026-03-20T01:09:51.368,49.184,1
134,2026-03-20T01:09:51.422,49.973,1
135,2026-03-20T01:09:51.476,49.389,1
136,2026-03-20T01:09:51.530,50.236,1
137,2026-03-20T01:09:51.583,48.969,1
138,2026-03-20T01:09:51.637,49.428,1
139,2026-03-20T01:09:51.690,48.998,1
140,2026-03-20T01:09:51.743,48.774,1
141,2026-03-20T01:09:51.800,52.750,1
142,2026-03-20T01:09:51.855,49.945,1
143,2026-03-20T01:09:51.910,51.224,1
144,2026-03-20T01:09:51.966,50.649,1
145,2026-03-20T01:09:52.021,50.490,1
146,2026-03-20T01:09:52.076,50.932,1
147,2026-03-20T01:09:52.133,52.697,1
148,2026-03-20T01:09:52.191,53.149,1
149,2026-03-20T01:09:52.251,56.338,1
150,2026-03-20T01:09:52.305,49.299,1
151,2026-03-20T01:09:52.359,49.247,1
152,2026-03-20T01:09:52.415,51.912,1
153,2026-03-20T01:09:52.468,48.991,1
154,2026-03-20T01:09:52.524,51.900,1
155,2026-03-20T01:09:52.578,49.747,1
156,2026-03-20T01:09:52.634,51.337,1
157,2026-03-20T01:09:52.689,51.047,1
158,2026-03-20T01:09:52.742,48.788,1
159,2026-03-20T01:09:52.796,49.311,1
160,2026-03-20T01:09:52.849,49.191,1
161,2026-03-20T01:09:52.904,49.888,1
162,2026-03-20T01:09:52.959,50.075,1
163,2026-03-20T01:09:53.014,50.802,1
164,2026-03-20T01:09:53.068,49.427,1
165,2026-03-20T01:09:53.123,50.762,1
166,2026-03-20T01:09:53.177,49.519,1
167,2026-03-20T01:09:53.232,50.318,1
168,2026-03-20T01:09:53.286,49.528,1
169,2026-03-20T01:09:53.339,48.774,1
170,2026-03-20T01:09:53.392,48.845,1
171,2026-03-20T01:09:53.445,49.058,1
172,2026-03-20T01:09:53.499,49.994,1
173,2026-03-20T01:09:53.553,49.827,1
174,2026-03-20T01:09:53.608,50.111,1
175,2026-03-20T01:09:53.661,49.567,1
176,2026-03-20T01:09:53.718,52.282,1
177,2026-03-20T01:09:53.774,49.839,1
178,2026-03-20T01:09:53.829,50.975,1
179,2026-03-20T01:09:53.884,50.221,1
180,2026-03-20T01:09:53.937,48.827,1
181,2026-03-20T01:09:53.990,48.918,1
182,2026-03-20T01:09:54.044,49.927,1
183,2026-03-20T01:09:54.097,48.863,1
184,2026-03-20T01:09:54.151,49.451,1
185,2026-03-20T01:09:54.205,49.553,1
186,2026-03-20T01:09:54.259,50.222,1
187,2026-03-20T01:09:54.313,49.140,1
188,2026-03-20T01:09:54.366,48.840,1
189,2026-03-20T01:09:54.419,49.310,1
190,2026-03-20T01:09:54.473,49.320,1
191,2026-03-20T01:09:54.530,53.199,1
192,2026-03-20T01:09:54.587,51.932,1
193,2026-03-20T01:09:54.641,49.276,1
194,2026-03-20T01:09:54.695,49.909,1
195,2026-03-20T01:09:54.751,51.562,1
196,2026-03-20T01:09:54.806,51.640,1
197,2026-03-20T01:09:54.863,51.728,1
198,2026-03-20T01:09:54.916,49.503,1
199,2026-03-20T01:09:54.970,49.460,1
200,2026-03-20T01:09:55.024,49.361,1
201,2026-03-20T01:09:55.078,49.800,1
202,2026-03-20T01:09:55.132,49.787,1
203,2026-03-20T01:09:55.186,49.711,1
204,2026-03-20T01:09:55.240,49.938,1
205,2026-03-20T01:09:55.294,49.308,1
206,2026-03-20T01:09:55.351,53.051,1
207,2026-03-20T01:09:55.407,51.136,1
208,2026-03-20T01:09:55.462,50.595,1
209,2026-03-20T01:09:55.517,51.002,1
210,2026-03-20T01:09:55.573,51.394,1
211,2026-03-20T01:09:55.629,51.718,1
212,2026-03-20T01:09:55.685,51.411,1
213,2026-03-20T01:09:55.740,50.864,1
214,2026-03-20T01:09:55.793,49.372,1
215,2026-03-20T01:09:55.846,49.158,1
216,2026-03-20T01:09:55.900,49.730,1
217,2026-03-20T01:09:55.954,49.597,1
218,2026-03-20T01:09:56.009,50.464,1
219,2026-03-20T01:09:56.063,50.102,1
220,2026-03-20T01:09:56.117,49.932,1
221,2026-03-20T01:09:56.174,51.746,1
222,2026-03-20T01:09:56.229,50.819,1
223,2026-03-20T01:09:56.286,52.474,1
224,2026-03-20T01:09:56.342,51.467,1
225,2026-03-20T01:09:56.398,51.663,1
226,2026-03-20T01:09:56.454,51.184,1
227,2026-03-20T01:09:56.509,51.149,1
228,2026-03-20T01:09:56.566,52.380,1
229,2026-03-20T01:09:56.621,51.229,1
230,2026-03-20T01:09:56.675,49.353,1
231,2026-03-20T01:09:56.729,49.429,1
232,2026-03-20T01:09:56.785,52.002,1
233,2026-03-20T01:09:56.842,52.604,1
234,2026-03-20T01:09:56.898,51.292,1
235,2026-03-20T01:09:56.953,50.138,1
236,2026-03-20T01:09:57.012,55.043,1
237,2026-03-20T01:09:57.071,53.907,1
238,2026-03-20T01:09:57.143,67.407,1
239,2026-03-20T01:09:57.207,59.115,1
240,2026-03-20T01:09:57.268,53.740,1
241,2026-03-20T01:09:57.321,49.045,1
242,2026-03-20T01:09:57.377,51.339,1
243,2026-03-20T01:09:57.433,51.469,1
244,2026-03-20T01:09:57.489,51.280,1
245,2026-03-20T01:09:57.544,50.844,1
246,2026-03-20T01:09:57.601,52.399,1
247,2026-03-20T01:09:57.656,50.334,1
248,2026-03-20T01:09:57.711,50.715,1
249,2026-03-20T01:09:57.768,52.509,1
250,2026-03-20T01:09:57.822,50.317,1
251,2026-03-20T01:09:57.878,50.911,1
252,2026-03-20T01:09:57.932,49.302,1
253,2026-03-20T01:09:57.985,48.934,1
254,2026-03-20T01:09:58.039,49.510,1
255,2026-03-20T01:09:58.096,53.178,1
256,2026-03-20T01:09:58.150,49.583,1
257,2026-03-20T01:09:58.204,49.728,1
258,2026-03-20T01:09:58.258,49.537,1
259,2026-03-20T01:09:58.312,49.262,1
260,2026-03-20T01:09:58.366,49.330,1
261,2026-03-20T01:09:58.420,49.376,1
262,2026-03-20T01:09:58.473,48.938,1
263,2026-03-20T01:09:58.526,49.466,1
264,2026-03-20T01:09:58.580,49.347,1
265,2026-03-20T01:09:58.636,51.030,1
266,2026-03-20T01:09:58.690,49.457,1
267,2026-03-20T01:09:58.743,48.995,1
268,2026-03-20T01:09:58.796,49.305,1
269,2026-03-20T01:09:58.851,49.733,1
270,2026-03-20T01:09:58.906,51.267,1
271,2026-03-20T01:09:58.963,52.186,1
272,2026-03-20T01:09:59.018,51.089,1
273,2026-03-20T01:09:59.077,53.989,1
274,2026-03-20T01:09:59.134,52.640,1
275,2026-03-20T01:09:59.190,51.643,1
276,2026-03-20T01:09:59.247,52.195,1
277,2026-03-20T01:09:59.302,50.760,1
278,2026-03-20T01:09:59.357,50.678,1
279,2026-03-20T01:09:59.413,51.206,1
280,2026-03-20T01:09:59.468,51.311,1
281,2026-03-20T01:09:59.525,51.891,1
282,2026-03-20T01:09:59.578,49.238,1
283,2026-03-20T01:09:59.634,51.217,1
284,2026-03-20T01:09:59.688,49.076,1
285,2026-03-20T01:09:59.741,49.299,1
286,2026-03-20T01:09:59.795,49.876,1
287,2026-03-20T01:09:59.849,49.165,1
288,2026-03-20T01:09:59.902,49.346,1
289,2026-03-20T01:09:59.957,50.285,1
290,2026-03-20T01:10:00.011,49.789,1
291,2026-03-20T01:10:00.068,52.877,1
292,2026-03-20T01:10:00.125,51.879,1
293,2026-03-20T01:10:00.181,51.565,1
294,2026-03-20T01:10:00.236,51.312,1
295,2026-03-20T01:10:00.293,52.557,1
296,2026-03-20T01:10:00.348,50.999,1
297,2026-03-20T01:10:00.404,51.494,1
298,2026-03-20T01:10:00.460,51.009,1
299,2026-03-20T01:10:00.514,50.545,1
300,2026-03-20T01:10:00.570,51.004,1
301,2026-03-20T01:10:00.627,52.630,1
302,2026-03-20T01:10:00.683,51.557,1
303,2026-03-20T01:10:00.738,50.662,1
304,2026-03-20T01:10:00.794,51.474,1
305,2026-03-20T01:10:00.848,50.575,1
306,2026-03-20T01:10:00.904,50.729,1
307,2026-03-20T01:10:00.958,50.608,1
308,2026-03-20T01:10:01.013,50.788,1
309,2026-03-20T01:10:01.070,51.818,1
310,2026-03-20T01:10:01.127,52.396,1
311,2026-03-20T01:10:01.183,51.920,1
312,2026-03-20T01:10:01.239,51.800,1
313,2026-03-20T01:10:01.295,51.732,1
314,2026-03-20T01:10:01.353,53.247,1
315,2026-03-20T01:10:01.410,52.743,1
316,2026-03-20T01:10:01.464,49.934,1
317,2026-03-20T01:10:01.519,50.250,1
318,2026-03-20T01:10:01.576,53.007,1
319,2026-03-20T01:10:01.633,52.444,1
320,2026-03-20T01:10:01.689,51.482,1
321,2026-03-20T01:10:01.744,51.043,1
322,2026-03-20T01:10:01.802,53.160,1
323,2026-03-20T01:10:01.858,51.930,1
324,2026-03-20T01:10:01.914,51.670,1
325,2026-03-20T01:10:01.971,51.850,1
326,2026-03-20T01:10:02.026,50.528,1
327,2026-03-20T01:10:02.081,51.439,1
328,2026-03-20T01:10:02.138,52.390,1
329,2026-03-20T01:10:02.195,51.979,1
330,2026-03-20T01:10:02.251,51.700,1
331,2026-03-20T01:10:02.307,51.906,1
332,2026-03-20T01:10:02.363,50.954,1
333,2026-03-20T01:10:02.419,52.094,1
334,2026-03-20T01:10:02.474,50.583,1
335,2026-03-20T01:10:02.529,50.745,1
336,2026-03-20T01:10:02.584,50.567,1
337,2026-03-20T01:10:02.638,49.495,1
338,2026-03-20T01:10:02.691,49.246,1
339,2026-03-20T01:10:02.745,49.297,1
340,2026-03-20T01:10:02.799,49.705,1
341,2026-03-20T01:10:02.853,49.230,1
342,2026-03-20T01:10:02.908,50.914,1
343,2026-03-20T01:10:02.963,50.649,1
344,2026-03-20T01:10:03.020,52.559,1
345,2026-03-20T01:10:03.078,52.689,1
346,2026-03-20T01:10:03.133,50.952,1
347,2026-03-20T01:10:03.188,50.365,1
348,2026-03-20T01:10:03.243,51.201,1
349,2026-03-20T01:10:03.298,50.407,1
350,2026-03-20T01:10:03.352,49.834,1
351,2026-03-20T01:10:03.407,50.251,1
352,2026-03-20T01:10:03.460,49.174,1
353,2026-03-20T01:10:03.516,51.003,1
354,2026-03-20T01:10:03.572,51.622,1
355,2026-03-20T01:10:03.629,53.358,1
356,2026-03-20T01:10:03.685,51.471,1
357,2026-03-20T01:10:03.741,51.363,1
358,2026-03-20T01:10:03.798,52.607,1
359,2026-03-20T01:10:03.855,52.188,1
360,2026-03-20T01:10:03.911,51.581,1
361,2026-03-20T01:10:03.966,50.865,1
362,2026-03-20T01:10:04.022,51.210,1
363,2026-03-20T01:10:04.078,52.082,1
364,2026-03-20T01:10:04.135,51.923,1
365,2026-03-20T01:10:04.190,51.441,1
366,2026-03-20T01:10:04.247,51.770,1
367,2026-03-20T01:10:04.302,51.085,1
368,2026-03-20T01:10:04.357,50.936,1
369,2026-03-20T01:10:04.414,51.816,1
370,2026-03-20T01:10:04.470,51.432,1
371,2026-03-20T01:10:04.525,51.469,1
372,2026-03-20T01:10:04.583,52.780,1
373,2026-03-20T01:10:04.640,52.333,1
374,2026-03-20T01:10:04.696,51.465,1
375,2026-03-20T01:10:04.752,51.942,1
376,2026-03-20T01:10:04.810,52.839,1
377,2026-03-20T01:10:04.865,50.998,1
378,2026-03-20T01:10:04.920,50.647,1
379,2026-03-20T01:10:04.975,50.324,1
380,2026-03-20T01:10:05.030,50.648,1
381,2026-03-20T01:10:05.085,50.280,1
382,2026-03-20T01:10:05.141,51.806,1
383,2026-03-20T01:10:05.196,50.921,1
384,2026-03-20T01:10:05.256,55.860,1
385,2026-03-20T01:10:05.312,51.863,1
386,2026-03-20T01:10:05.368,51.086,1
387,2026-03-20T01:10:05.424,51.550,1
388,2026-03-20T01:10:05.480,51.915,1
389,2026-03-20T01:10:05.534,49.535,1
390,2026-03-20T01:10:05.589,50.813,1
391,2026-03-20T01:10:05.651,57.323,1
392,2026-03-20T01:10:05.707,51.306,1
393,2026-03-20T01:10:05.761,50.328,1
394,2026-03-20T01:10:05.815,49.177,1
395,2026-03-20T01:10:05.871,51.464,1
396,2026-03-20T01:10:05.927,51.876,1
397,2026-03-20T01:10:05.982,51.058,1
398,2026-03-20T01:10:06.038,51.694,1
399,2026-03-20T01:10:06.095,52.728,1
400,2026-03-20T01:10:06.150,50.489,1
401,2026-03-20T01:10:06.206,51.031,1
402,2026-03-20T01:10:06.264,53.846,1
403,2026-03-20T01:10:06.321,52.413,1
404,2026-03-20T01:10:06.374,48.951,1
405,2026-03-20T01:10:06.429,51.043,1
406,2026-03-20T01:10:06.484,49.991,1
407,2026-03-20T01:10:06.538,49.290,1
408,2026-03-20T01:10:06.593,50.926,1
409,2026-03-20T01:10:06.651,53.348,1
410,2026-03-20T01:10:06.706,51.316,1
411,2026-03-20T01:10:06.764,53.240,1
412,2026-03-20T01:10:06.820,51.525,1
413,2026-03-20T01:10:06.875,50.020,1
414,2026-03-20T01:10:06.931,51.349,1
415,2026-03-20T01:10:06.987,51.099,1
416,2026-03-20T01:10:07.042,50.986,1
417,2026-03-20T01:10:07.098,51.523,1
418,2026-03-20T01:10:07.154,51.227,1
419,2026-03-20T01:10:07.208,50.250,1
420,2026-03-20T01:10:07.262,49.852,1
421,2026-03-20T01:10:07.316,49.468,1
422,2026-03-20T01:10:07.370,49.556,1
423,2026-03-20T01:10:07.424,48.931,1
424,2026-03-20T01:10:07.477,49.062,1
425,2026-03-20T01:10:07.530,49.385,1
426,2026-03-20T01:10:07.584,48.955,1
427,2026-03-20T01:10:07.638,50.443,1
428,2026-03-20T01:10:07.693,50.375,1
429,2026-03-20T01:10:07.747,49.301,1
430,2026-03-20T01:10:07.801,50.223,1
431,2026-03-20T01:10:07.858,52.588,1
432,2026-03-20T01:10:07.914,51.433,1
433,2026-03-20T01:10:07.970,51.724,1
434,2026-03-20T01:10:08.026,51.461,1
435,2026-03-20T01:10:08.082,51.573,1
436,2026-03-20T01:10:08.139,53.287,1
437,2026-03-20T01:10:08.195,51.525,1
438,2026-03-20T01:10:08.251,51.326,1
439,2026-03-20T01:10:08.307,51.363,1
440,2026-03-20T01:10:08.360,49.157,1
441,2026-03-20T01:10:08.416,51.262,1
442,2026-03-20T01:10:08.469,48.982,1
443,2026-03-20T01:10:08.523,49.665,1
444,2026-03-20T01:10:08.579,51.520,1
445,2026-03-20T01:10:08.635,51.577,1
446,2026-03-20T01:10:08.689,49.721,1
447,2026-03-20T01:10:08.744,50.163,1
448,2026-03-20T01:10:08.800,52.074,1
449,2026-03-20T01:10:08.856,52.061,1
450,2026-03-20T01:10:08.913,51.690,1
451,2026-03-20T01:10:08.969,52.345,1
452,2026-03-20T01:10:09.023,49.716,1
453,2026-03-20T01:10:09.078,49.787,1
454,2026-03-20T01:10:09.135,52.888,1
455,2026-03-20T01:10:09.192,51.810,1
456,2026-03-20T01:10:09.248,51.851,1
457,2026-03-20T01:10:09.304,51.960,1
458,2026-03-20T01:10:09.360,50.920,1
459,2026-03-20T01:10:09.415,50.355,1
460,2026-03-20T01:10:09.469,49.763,1
461,2026-03-20T01:10:09.522,49.204,1
462,2026-03-20T01:10:09.576,49.258,1
463,2026-03-20T01:10:09.630,50.259,1
464,2026-03-20T01:10:09.684,49.218,1
465,2026-03-20T01:10:09.737,49.145,1
466,2026-03-20T01:10:09.792,50.314,1
467,2026-03-20T01:10:09.845,49.619,1
468,2026-03-20T01:10:09.899,49.024,1
469,2026-03-20T01:10:09.952,48.955,1
470,2026-03-20T01:10:10.006,49.894,1
471,2026-03-20T01:10:10.060,49.731,1
472,2026-03-20T01:10:10.114,50.172,1
473,2026-03-20T01:10:10.171,51.681,1
474,2026-03-20T01:10:10.228,52.392,1
475,2026-03-20T01:10:10.284,51.284,1
476,2026-03-20T01:10:10.339,51.138,1
477,2026-03-20T01:10:10.395,50.889,1
478,2026-03-20T01:10:10.450,50.791,1
479,2026-03-20T01:10:10.504,49.486,1
480,2026-03-20T01:10:10.560,51.386,1
481,2026-03-20T01:10:10.616,51.873,1
482,2026-03-20T01:10:10.674,52.880,1
483,2026-03-20T01:10:10.729,51.173,1
484,2026-03-20T01:10:10.785,51.498,1
485,2026-03-20T01:10:10.839,51.407,1
486,2026-03-20T01:10:10.899,55.517,1
487,2026-03-20T01:10:10.957,53.344,1
488,2026-03-20T01:10:11.018,54.387,1
489,2026-03-20T01:10:11.080,58.079,1
490,2026-03-20T01:10:11.161,75.174,1
491,2026-03-20T01:10:11.226,59.518,1
492,2026-03-20T01:10:11.286,53.867,1
493,2026-03-20T01:10:11.343,53.034,1
494,2026-03-20T01:10:11.401,52.759,1
495,2026-03-20T01:10:11.462,56.245,1
496,2026-03-20T01:10:11.525,57.560,1
497,2026-03-20T01:10:11.585,55.331,1
498,2026-03-20T01:10:11.643,53.849,1
499,2026-03-20T01:10:11.700,52.684,1
500,2026-03-20T01:10:11.757,51.854,1
501,2026-03-20T01:10:11.815,53.362,1
502,2026-03-20T01:10:11.870,51.292,1
503,2026-03-20T01:10:11.925,50.148,1
504,2026-03-20T01:10:11.982,52.418,1
505,2026-03-20T01:10:12.037,50.872,1
506,2026-03-20T01:10:12.092,50.325,1
507,2026-03-20T01:10:12.148,51.718,1
508,2026-03-20T01:10:12.204,51.736,1
509,2026-03-20T01:10:12.259,51.105,1
510,2026-03-20T01:10:12.313,50.067,1
511,2026-03-20T01:10:12.368,49.734,1
512,2026-03-20T01:10:12.421,49.373,1
513,2026-03-20T01:10:12.475,49.346,1
514,2026-03-20T01:10:12.529,49.762,1
515,2026-03-20T01:10:12.583,49.739,1
516,2026-03-20T01:10:12.638,50.450,1
517,2026-03-20T01:10:12.693,50.040,1
518,2026-03-20T01:10:12.747,49.637,1
519,2026-03-20T01:10:12.801,49.737,1
520,2026-03-20T01:10:12.856,50.288,1
521,2026-03-20T01:10:12.911,50.705,1
522,2026-03-20T01:10:12.967,50.912,1
523,2026-03-20T01:10:13.022,51.268,1
524,2026-03-20T01:10:13.078,50.950,1
525,2026-03-20T01:10:13.135,52.301,1
526,2026-03-20T01:10:13.192,52.077,1
527,2026-03-20T01:10:13.249,52.718,1
528,2026-03-20T01:10:13.304,50.394,1
529,2026-03-20T01:10:13.359,51.240,1
530,2026-03-20T01:10:13.417,52.995,1
531,2026-03-20T01:10:13.472,50.876,1
532,2026-03-20T01:10:13.526,49.844,1
533,2026-03-20T01:10:13.581,50.563,1
534,2026-03-20T01:10:13.638,51.668,1
535,2026-03-20T01:10:13.693,50.769,1
536,2026-03-20T01:10:13.748,50.956,1
537,2026-03-20T01:10:13.803,50.223,1
538,2026-03-20T01:10:13.857,50.408,1
539,2026-03-20T01:10:13.913,51.296,1
540,2026-03-20T01:10:13.967,50.105,1
541,2026-03-20T01:10:14.023,50.985,1
542,2026-03-20T01:10:14.078,50.754,1
543,2026-03-20T01:10:14.137,55.065,1
544,2026-03-20T01:10:14.200,57.174,1
545,2026-03-20T01:10:14.255,51.052,1
546,2026-03-20T01:10:14.310,50.210,1
547,2026-03-20T01:10:14.366,51.476,1
548,2026-03-20T01:10:14.421,50.689,1
549,2026-03-20T01:10:14.477,50.913,1
550,2026-03-20T01:10:14.533,51.358,1
551,2026-03-20T01:10:14.592,54.305,1
552,2026-03-20T01:10:14.648,52.047,1
553,2026-03-20T01:10:14.704,51.315,1
554,2026-03-20T01:10:14.759,51.448,1
555,2026-03-20T01:10:14.815,51.276,1
556,2026-03-20T01:10:14.870,51.085,1
557,2026-03-20T01:10:14.926,51.005,1
558,2026-03-20T01:10:14.983,52.992,1
559,2026-03-20T01:10:15.042,54.227,1
560,2026-03-20T01:10:15.099,52.199,1
561,2026-03-20T01:10:15.155,51.665,1
562,2026-03-20T01:10:15.212,52.431,1
563,2026-03-20T01:10:15.268,51.866,1
564,2026-03-20T01:10:15.325,51.830,1
565,2026-03-20T01:10:15.380,51.257,1
566,2026-03-20T01:10:15.436,51.356,1
567,2026-03-20T01:10:15.492,51.278,1
568,2026-03-20T01:10:15.548,51.425,1
569,2026-03-20T01:10:15.604,51.404,1
570,2026-03-20T01:10:15.659,51.153,1
571,2026-03-20T01:10:15.720,56.899,1
572,2026-03-20T01:10:15.781,55.253,1
573,2026-03-20T01:10:15.839,53.867,1
574,2026-03-20T01:10:15.895,51.366,1
575,2026-03-20T01:10:15.951,51.139,1
576,2026-03-20T01:10:16.006,50.904,1
577,2026-03-20T01:10:16.069,58.158,1
578,2026-03-20T01:10:16.128,54.459,1
579,2026-03-20T01:10:16.189,57.253,1
580,2026-03-20T01:10:16.246,52.562,1
581,2026-03-20T01:10:16.303,52.443,1
582,2026-03-20T01:10:16.360,52.200,1
583,2026-03-20T01:10:16.417,50.610,1
584,2026-03-20T01:10:16.471,49.816,1
585,2026-03-20T01:10:16.529,53.880,1
586,2026-03-20T01:10:16.587,53.344,1
587,2026-03-20T01:10:16.642,50.287,1
588,2026-03-20T01:10:16.699,52.260,1
589,2026-03-20T01:10:16.754,50.898,1
590,2026-03-20T01:10:16.814,55.051,1
591,2026-03-20T01:10:16.871,52.605,1
592,2026-03-20T01:10:16.926,50.814,1
593,2026-03-20T01:10:16.983,51.655,1
594,2026-03-20T01:10:17.039,51.667,1
595,2026-03-20T01:10:17.095,51.343,1
596,2026-03-20T01:10:17.151,52.391,1
597,2026-03-20T01:10:17.210,54.083,1
598,2026-03-20T01:10:17.266,51.739,1
599,2026-03-20T01:10:17.322,51.435,1
600,2026-03-20T01:10:17.378,51.552,1
601,2026-03-20T01:10:17.434,51.373,1
602,2026-03-20T01:10:17.489,51.151,1
603,2026-03-20T01:10:17.545,51.479,1
604,2026-03-20T01:10:17.602,53.025,1
605,2026-03-20T01:10:17.658,51.134,1
606,2026-03-20T01:10:17.714,51.099,1
607,2026-03-20T01:10:17.769,50.331,1
608,2026-03-20T01:10:17.823,50.039,1
609,2026-03-20T01:10:17.880,51.838,1
610,2026-03-20T01:10:17.938,53.638,1
611,2026-03-20T01:10:17.999,55.892,1
612,2026-03-20T01:10:18.059,55.248,1
613,2026-03-20T01:10:18.117,53.472,1
614,2026-03-20T01:10:18.178,55.882,1
615,2026-03-20T01:10:18.239,55.457,1
616,2026-03-20T01:10:18.296,52.707,1
617,2026-03-20T01:10:18.362,61.127,1
618,2026-03-20T01:10:18.427,59.835,1
619,2026-03-20T01:10:18.493,60.253,1
620,2026-03-20T01:10:18.551,53.297,1
621,2026-03-20T01:10:18.607,51.307,1
622,2026-03-20T01:10:18.662,50.018,1
623,2026-03-20T01:10:18.717,51.367,1
624,2026-03-20T01:10:18.772,50.331,1
625,2026-03-20T01:10:18.828,50.398,1
626,2026-03-20T01:10:18.883,50.348,1
627,2026-03-20T01:10:18.937,49.970,1
628,2026-03-20T01:10:18.992,49.628,1
629,2026-03-20T01:10:19.046,50.049,1
630,2026-03-20T01:10:19.101,49.913,1
631,2026-03-20T01:10:19.155,50.272,1
632,2026-03-20T01:10:19.213,53.148,1
633,2026-03-20T01:10:19.271,52.999,1
634,2026-03-20T01:10:19.328,53.044,1
635,2026-03-20T01:10:19.387,54.714,1
636,2026-03-20T01:10:19.445,53.591,1
637,2026-03-20T01:10:19.503,52.557,1
638,2026-03-20T01:10:19.559,50.686,1
639,2026-03-20T01:10:19.613,50.076,1
640,2026-03-20T01:10:19.669,50.522,1
641,2026-03-20T01:10:19.724,49.764,1
642,2026-03-20T01:10:19.778,49.732,1
643,2026-03-20T01:10:19.832,49.905,1
644,2026-03-20T01:10:19.887,50.481,1
645,2026-03-20T01:10:19.942,50.209,1
646,2026-03-20T01:10:19.996,49.930,1
647,2026-03-20T01:10:20.051,50.239,1
648,2026-03-20T01:10:20.105,49.577,1
649,2026-03-20T01:10:20.162,50.787,1
650,2026-03-20T01:10:20.218,50.780,1
651,2026-03-20T01:10:20.275,51.552,1
652,2026-03-20T01:10:20.328,49.304,1
653,2026-03-20T01:10:20.382,49.459,1
654,2026-03-20T01:10:20.436,49.362,1
